variable,count,mean,std,min,25%,50%,75%,max,original
dummy1,1000.0,-0.0005024750908919,0.011410521293339877,-0.0388448942792472,-0.0082068727361934,-0.0004077870233247,0.007308723338069975,0.0355873489146034,-0.000348659872202
dummy2,1000.0,-0.0005041257590585621,0.01077809977491356,-0.0354972798331232,-0.00801058253191115,-5.067447242623757e-05,0.006768239276326825,0.0304780349008755,0.0035622813910691
x1,1000.0,0.01591551327206036,3.141858946683752,-10.613972447719124,-2.106183443698754,0.045617603598558945,1.9933909052157415,28.204228152155693,28.204228152155693
x2,1000.0,-0.08585222145912513,8.145924172984662,-24.23980472658374,-5.643237469154117,0.0113578231560982,5.3518203907961475,75.05017482374974,75.05017482374974
x3,1000.0,0.017815245855859297,1.9485301320440176,-5.832014086018219,-1.2750446892635243,-0.016179998753946302,1.1905204529563589,17.754555588572764,17.754555588572764
